Workbook

Sheet Inputs
A1: Input | B1: Value | C1: Notes
A2: Monthly intake starts | B2: 1000 | C2: Sample assumption, not Legion actual data
A3: Provider match reached rate | B3: 0.7 | C3: Assumed percent of intake starters who reach provider cards
A4: Slot selected rate | B4: 0.55 | C4: Assumed percent of intake starters who select a slot
A5: First visit booked rate | B5: 0.45 | C5: Assumed percent of intake starters who book first visit
A6: First visit completed rate | B6: 0.36 | C6: Assumed percent of intake starters who complete first visit
A7: Follow-up retained rate | B7: 0.6 | C7: Assumed percent of completed first visits that continue to follow-up
A8: Average first visit revenue | B8: 200 | C8: Sample revenue assumption
A9: Average follow-up visit revenue | B9: 120 | C9: Sample revenue assumption

Sheet Funnel Model
A1: Funnel Stage | B1: Rate | C1: Count | D1: Formula Notes
A2: Monthly intake starts | B2: 1 | C2: =Inputs!B2 -> 1000 | D2: Starting volume
A3: Provider match reached | B3: =Inputs!B3 -> 0.7 | C3: =Inputs!B2*B3 -> 700 | D3: Intake starts × provider match reached rate
A4: Slot selected | B4: =Inputs!B4 -> 0.55 | C4: =Inputs!B2*B4 -> 550 | D4: Intake starts × slot selected rate
A5: First visit booked | B5: =Inputs!B5 -> 0.45 | C5: =Inputs!B2*B5 -> 450 | D5: Intake starts × first visit booked rate
A6: First visit completed | B6: =Inputs!B6 -> 0.36 | C6: =Inputs!B2*B6 -> 360 | D6: Intake starts × first visit completed rate
A7: Follow-up retained | B7: =Inputs!B7 -> 0.6 | C7: =C6*B7 -> 216 | D7: Completed first visits × follow-up retained rate

Sheet Scenario Output
A1: Scenario | B1: Completed First Visits | C1: Improvement % | D1: Improved Completed Visits | E1: Extra Completed Visits | F1: First Visit Revenue Lift | G1: Follow-up Revenue Lift | H1: Total Monthly Revenue Lift | I1: Annualized Revenue Lift | K1: Model Interpretation
A2: Current | B2: ='Funnel Model'!C6 -> 360 | C2: 0 | D2: =B2*(1+C2) -> 360 | E2: =D2-B2 -> 0 | F2: =E2*Inputs!B8 -> 0 | G2: =E2*Inputs!B7*Inputs!B9 -> 0 | H2: =F2+G2 -> 0 | I2: =H2*12 -> 0 | K2: This is a scenario model, not Legion Health actual performance.
A3: Conservative | B3: ='Funnel Model'!C6 -> 360 | C3: 0.05 | D3: =B3*(1+C3) -> 378 | E3: =D3-B3 -> 18 | F3: =E3*Inputs!B8 -> 3600 | G3: =E3*Inputs!B7*Inputs!B9 -> 1296 | H3: =F3+G3 -> 4896 | I3: =H3*12 -> 58752 | K3: The model estimates how small improvements in intake-to-first-visit activation could increase completed first visits.
A4: Base | B4: ='Funnel Model'!C6 -> 360 | C4: 0.1 | D4: =B4*(1+C4) -> 396 | E4: =D4-B4 -> 36 | F4: =E4*Inputs!B8 -> 7200 | G4: =E4*Inputs!B7*Inputs!B9 -> 2592 | H4: =F4+G4 -> 9792 | I4: =H4*12 -> 117504 | K4: In the base case, a 10% improvement creates 36 additional completed first visits per month.
A5: Optimistic | B5: ='Funnel Model'!C6 -> 360 | C5: 0.15 | D5: =B5*(1+C5) -> 414 | E5: =D5-B5 -> 54 | F5: =E5*Inputs!B8 -> 10800 | G5: =E5*Inputs!B7*Inputs!B9 -> 3888 | H5: =F5+G5 -> 14688 | I5: =H5*12 -> 176256 | K5: Using sample revenue assumptions, that equals about $9,792 in monthly revenue lift.
K6: Annualized, the base case equals about $117,504.
K7: These numbers should be replaced with Legion internal data if available.

Sheet Assumptions Notes
A1: Section | B1: Notes
A2: Model purpose | B2: This model estimates how improving intake-to-first-visit activation could increase completed first visits and estimated revenue.
A3: Data limitation | B3: These are scenario assumptions, not Legion Health internal data.
A4: Baseline funnel | B4: The baseline funnel uses sample assumptions: 1,000 monthly intake starts, 70% provider match reached, 55% slot selected, 45% first visit booked, and 36% first visit
A5: Scenario improvement rates | B5: Conservative, base, and optimistic scenarios use 5%, 10%, and 15% improvement in completed first visits.
A6: Benchmark support | B6: External benchmarks show that digital intake completion, psychiatry no-shows, wait times, and cost uncertainty can affect appointment completion.
A7: Revenue assumption | B7: Average first visit revenue is assumed at $200 and average follow-up revenue is assumed at $120.
A8: Follow-up assumption | B8: Follow-up retained rate is assumed at 60% of completed first visits.
A9: Interpretation | B9: This model should be read as sensitivity analysis, not a real revenue forecast.
A10: How to improve accuracy | B10: Replace sample assumptions with Legion internal data: actual intake starts, match rate, slot-selection rate, booked-first-visit rate, completed-first-visit rate, no-show rate, and average revenue per visit.
